player,runs,mins,bf,4s,6s,sr,inns,match_type,opposition,ground,start_date
player,runs,mins,bf,4s,6s,sr,inns,match_type,opposition,ground,start_date,
SS Das,14,59,47,2,0,29.78,1,,Test v Australia,Mumbai,27 Feb 2001,
S Ramesh,2,17,12,0,0,16.66,1,,Test v Australia,Mumbai,27 Feb 2001,
R Dravid,9,33,19,1,0,47.36,1,,Test v Australia,Mumbai,27 Feb 2001,
SR Tendulkar,76,138,114,13,0,66.66,1,,Test v Australia,Mumbai,27 Feb 2001,
SC Ganguly,8,38,22,2,0,36.36,1,,Test v Australia,Mumbai,27 Feb 2001,
VVS Laxman,20,78,44,3,0,45.45,1,,Test v Australia,Mumbai,27 Feb 2001,
NR Mongia,26*,112,76,2,0,34.21,1,,Test v Australia,Mumbai,27 Feb 2001,
AB Agarkar,0,17,12,0,0,0.00,1,,Test v Australia,Mumbai,27 Feb 2001,
J Srinath,12,61,57,1,0,21.05,1,,Test v Australia,Mumbai,27 Feb 2001,
Harbhajan Singh,0,10,11,0,0,0.00,1,,Test v Australia,Mumbai,27 Feb 2001,
RL Sanghvi,2,17,16,0,0,12.50,1,,Test v Australia,Mumbai,27 Feb 2001,
SS Das,7,71,50,0,0,14.00,3,,Test v Australia,Mumbai,27 Feb 2001,
S Ramesh,44,108,84,7,0,52.38,3,,Test v Australia,Mumbai,27 Feb 2001,
R Dravid,39,259,196,5,0,19.89,3,,Test v Australia,Mumbai,27 Feb 2001,
NR Mongia,28,52,29,4,1,96.55,3,,Test v Australia,Mumbai,27 Feb 2001,
SR Tendulkar,65,153,107,11,0,60.74,3,,Test v Australia,Mumbai,27 Feb 2001,
SC Ganguly,1,20,13,0,0,7.69,3,,Test v Australia,Mumbai,27 Feb 2001,
VVS Laxman,12,27,27,3,0,44.44,3,,Test v Australia,Mumbai,27 Feb 2001,
AB Agarkar,0,20,15,0,0,0.00,3,,Test v Australia,Mumbai,27 Feb 2001,
Harbhajan Singh,17*,55,31,2,0,54.83,3,,Test v Australia,Mumbai,27 Feb 2001,
RL Sanghvi,0,8,6,0,0,0.00,3,,Test v Australia,Mumbai,27 Feb 2001,
J Srinath,0,9,8,0,0,0.00,3,,Test v Australia,Mumbai,27 Feb 2001,
SS Das,20,53,48,3,0,41.66,2,,Test v Australia,Kolkata,11 Mar 2001,
S Ramesh,0,6,3,0,0,0.00,2,,Test v Australia,Kolkata,11 Mar 2001,
R Dravid,25,115,82,4,0,30.48,2,,Test v Australia,Kolkata,11 Mar 2001,
SR Tendulkar,10,25,18,2,0,55.55,2,,Test v Australia,Kolkata,11 Mar 2001,
SC Ganguly,23,61,51,4,0,45.09,2,,Test v Australia,Kolkata,11 Mar 2001,
VVS Laxman,59,122,83,12,0,71.08,2,,Test v Australia,Kolkata,11 Mar 2001,
NR Mongia,2,7,4,0,0,50.00,2,,Test v Australia,Kolkata,11 Mar 2001,
Harbhajan Singh,4,17,15,1,0,26.66,2,,Test v Australia,Kolkata,11 Mar 2001,
Z Khan,3,24,19,0,0,15.78,2,,Test v Australia,Kolkata,11 Mar 2001,
SLV Raju,4,17,15,0,0,26.66,2,,Test v Australia,Kolkata,11 Mar 2001,
BKV Prasad,7*,47,23,0,0,30.43,2,,Test v Australia,Kolkata,11 Mar 2001,
SS Das,39,125,99,7,0,39.39,3,,Test v Australia,Kolkata,11 Mar 2001,
S Ramesh,30,66,43,6,0,69.76,3,,Test v Australia,Kolkata,11 Mar 2001,
VVS Laxman,281,631,452,44,0,62.16,3,,Test v Australia,Kolkata,11 Mar 2001,
SR Tendulkar,10,26,23,2,0,43.47,3,,Test v Australia,Kolkata,11 Mar 2001,
SC Ganguly,48,128,81,8,0,59.25,3,,Test v Australia,Kolkata,11 Mar 2001,
R Dravid,180,446,353,20,0,50.99,3,,Test v Australia,Kolkata,11 Mar 2001,
NR Mongia,4,18,10,0,0,40.00,3,,Test v Australia,Kolkata,11 Mar 2001,
Z Khan,23*,19,15,3,0,153.33,3,,Test v Australia,Kolkata,11 Mar 2001,
Harbhajan Singh,8*,11,6,1,0,133.33,3,,Test v Australia,Kolkata,11 Mar 2001,
BKV Prasad,DNB,-,-,-,-,-,3,,Test v Australia,Kolkata,11 Mar 2001,
SLV Raju,DNB,-,-,-,-,-,3,,Test v Australia,Kolkata,11 Mar 2001,
SS Das,84,261,186,10,1,45.16,2,,Test v Australia,Chennai,18 Mar 2001,
S Ramesh,61,164,133,6,0,45.86,2,,Test v Australia,Chennai,18 Mar 2001,
VVS Laxman,65,125,87,11,0,74.71,2,,Test v Australia,Chennai,18 Mar 2001,
SR Tendulkar,126,346,230,15,2,54.78,2,,Test v Australia,Chennai,18 Mar 2001,
SC Ganguly,22,114,76,3,0,28.94,2,,Test v Australia,Chennai,18 Mar 2001,
R Dravid,81,178,140,12,1,57.85,2,,Test v Australia,Chennai,18 Mar 2001,
SS Dighe,4,32,24,0,0,16.66,2,,Test v Australia,Chennai,18 Mar 2001,
SV Bahutule,21*,88,58,1,1,36.20,2,,Test v Australia,Chennai,18 Mar 2001,
Z Khan,4,25,20,0,0,20.00,2,,Test v Australia,Chennai,18 Mar 2001,
Harbhajan Singh,2,2,3,0,0,66.66,2,,Test v Australia,Chennai,18 Mar 2001,
NM Kulkarni,4,50,38,0,0,10.52,2,,Test v Australia,Chennai,18 Mar 2001,
SS Das,9,35,17,2,0,52.94,4,,Test v Australia,Chennai,18 Mar 2001,
S Ramesh,25,98,53,3,0,47.16,4,,Test v Australia,Chennai,18 Mar 2001,
VVS Laxman,66,136,82,12,0,80.48,4,,Test v Australia,Chennai,18 Mar 2001,
SR Tendulkar,17,27,17,3,0,100.00,4,,Test v Australia,Chennai,18 Mar 2001,
SC Ganguly,4,9,5,1,0,80.00,4,,Test v Australia,Chennai,18 Mar 2001,
R Dravid,4,8,5,1,0,80.00,4,,Test v Australia,Chennai,18 Mar 2001,
SS Dighe,22*,73,48,3,0,45.83,4,,Test v Australia,Chennai,18 Mar 2001,
SV Bahutule,0,3,3,0,0,0.00,4,,Test v Australia,Chennai,18 Mar 2001,
Z Khan,0,31,14,0,0,0.00,4,,Test v Australia,Chennai,18 Mar 2001,
Harbhajan Singh,3*,12,5,0,0,60.00,4,,Test v Australia,Chennai,18 Mar 2001,
NM Kulkarni,DNB,-,-,-,-,-,4,,Test v Australia,Chennai,18 Mar 2001,
SC Ganguly,6,24,27,0,0,22.22,1,,ODI v Australia,Bengaluru,25 Mar 2001,
SR Tendulkar,35,47,26,6,1,134.61,1,,ODI v Australia,Bengaluru,25 Mar 2001,
VVS Laxman,45,48,34,7,1,132.35,1,,ODI v Australia,Bengaluru,25 Mar 2001,
R Dravid,80,144,84,3,1,95.23,1,,ODI v Australia,Bengaluru,25 Mar 2001,
HK Badani,11,25,18,0,0,61.11,1,,ODI v Australia,Bengaluru,25 Mar 2001,
V Sehwag,58,62,54,8,0,107.40,1,,ODI v Australia,Bengaluru,25 Mar 2001,
V Dahiya,51,53,39,6,1,130.76,1,,ODI v Australia,Bengaluru,25 Mar 2001,
AB Agarkar,13,17,15,0,0,86.66,1,,ODI v Australia,Bengaluru,25 Mar 2001,
Harbhajan Singh,0,2,1,0,0,0.00,1,,ODI v Australia,Bengaluru,25 Mar 2001,
Z Khan,1*,7,2,0,0,50.00,1,,ODI v Australia,Bengaluru,25 Mar 2001,
J Srinath,2,5,5,0,0,40.00,1,,ODI v Australia,Bengaluru,25 Mar 2001,
SC Ganguly,4,29,15,0,0,26.66,1,,ODI v Australia,Pune,28 Mar 2001,
SR Tendulkar,32,35,29,6,1,110.34,1,,ODI v Australia,Pune,28 Mar 2001,
VVS Laxman,51,112,86,3,0,59.30,1,,ODI v Australia,Pune,28 Mar 2001,
R Dravid,13,27,23,2,0,56.52,1,,ODI v Australia,Pune,28 Mar 2001,
HK Badani,100,142,98,10,2,102.04,1,,ODI v Australia,Pune,28 Mar 2001,
D Mongia,2,5,6,0,0,33.33,1,,ODI v Australia,Pune,28 Mar 2001,
V Dahiya,2,9,7,0,0,28.57,1,,ODI v Australia,Pune,28 Mar 2001,
SB Joshi,19,33,23,2,0,82.60,1,,ODI v Australia,Pune,28 Mar 2001,
Z Khan,15,15,10,2,0,150.00,1,,ODI v Australia,Pune,28 Mar 2001,
Harbhajan Singh,1*,5,1,0,0,100.00,1,,ODI v Australia,Pune,28 Mar 2001,
J Srinath,3*,2,2,0,0,150.00,1,,ODI v Australia,Pune,28 Mar 2001,
R Dravid,15,30,34,3,0,44.11,1,,ODI v Australia,Indore,31 Mar 2001,
SR Tendulkar,139,197,125,19,0,111.20,1,,ODI v Australia,Indore,31 Mar 2001,
VVS Laxman,83,123,88,6,0,94.31,1,,ODI v Australia,Indore,31 Mar 2001,
SC Ganguly,0,2,3,0,0,0.00,1,,ODI v Australia,Indore,31 Mar 2001,
HK Badani,23,29,25,1,1,92.00,1,,ODI v Australia,Indore,31 Mar 2001,
D Mongia,4,19,5,0,0,80.00,1,,ODI v Australia,Indore,31 Mar 2001,
AB Agarkar,1,5,5,0,0,20.00,1,,ODI v Australia,Indore,31 Mar 2001,
V Dahiya,0,3,4,0,0,0.00,1,,ODI v Australia,Indore,31 Mar 2001,
Z Khan,7*,12,7,0,0,100.00,1,,ODI v Australia,Indore,31 Mar 2001,
Harbhajan Singh,9*,8,8,1,0,112.50,1,,ODI v Australia,Indore,31 Mar 2001,
J Srinath,DNB,-,-,-,-,-,1,,ODI v Australia,Indore,31 Mar 2001,
SC Ganguly,9,42,36,1,0,25.00,2,,ODI v Australia,Visakhapatnam,3 Apr 2001,
SR Tendulkar,62,68,38,11,0,163.15,2,,ODI v Australia,Visakhapatnam,3 Apr 2001,
VVS Laxman,11,33,25,1,0,44.00,2,,ODI v Australia,Visakhapatnam,3 Apr 2001,
R Dravid,7,23,10,0,0,70.00,2,,ODI v Australia,Visakhapatnam,3 Apr 2001,
HK Badani,25,48,35,2,0,71.42,2,,ODI v Australia,Visakhapatnam,3 Apr 2001,
RR Singh,16,42,32,0,0,50.00,2,,ODI v Australia,Visakhapatnam,3 Apr 2001,
V Dahiya,7,17,15,1,0,46.66,2,,ODI v Australia,Visakhapatnam,3 Apr 2001,
AB Agarkar,9,20,16,0,0,56.25,2,,ODI v Australia,Visakhapatnam,3 Apr 2001,
Z Khan,29,40,28,3,1,103.57,2,,ODI v Australia,Visakhapatnam,3 Apr 2001,
Harbhajan Singh,46,37,34,3,3,135.29,2,,ODI v Australia,Visakhapatnam,3 Apr 2001,
J Srinath,7*,10,4,1,0,175.00,2,,ODI v Australia,Visakhapatnam,3 Apr 2001,
SC Ganguly,74,106,83,9,2,89.15,1,,ODI v Australia,Margao,6 Apr 2001,
SR Tendulkar,12,17,15,2,0,80.00,1,,ODI v Australia,Margao,6 Apr 2001,
VVS Laxman,101,170,107,10,0,94.39,1,,ODI v Australia,Margao,6 Apr 2001,
R Dravid,31,65,45,1,0,68.88,1,,ODI v Australia,Margao,6 Apr 2001,
HK Badani,7,13,14,1,0,50.00,1,,ODI v Australia,Margao,6 Apr 2001,
Yuvraj Singh,19,22,21,2,0,90.47,1,,ODI v Australia,Margao,6 Apr 2001,
V Dahiya,15*,23,15,1,0,100.00,1,,ODI v Australia,Margao,6 Apr 2001,
Z Khan,0*,1,0,0,0,-,1,,ODI v Australia,Margao,6 Apr 2001,
Harbhajan Singh,DNB,-,-,-,-,-,1,,ODI v Australia,Margao,6 Apr 2001,
AB Agarkar,DNB,-,-,-,-,-,1,,ODI v Australia,Margao,6 Apr 2001,
J Srinath,DNB,-,-,-,-,-,1,,ODI v Australia,Margao,6 Apr 2001,
SS Das,30,120,73,3,0,41.09,2,,Test v Zimbabwe,Bulawayo,7 Jun 2001,
S Ramesh,2,7,4,0,0,50.00,2,,Test v Zimbabwe,Bulawayo,7 Jun 2001,
VVS Laxman,28,64,38,6,0,73.68,2,,Test v Zimbabwe,Bulawayo,7 Jun 2001,
SR Tendulkar,74,179,128,12,0,57.81,2,,Test v Zimbabwe,Bulawayo,7 Jun 2001,
J Srinath,1,15,16,0,0,6.25,2,,Test v Zimbabwe,Bulawayo,7 Jun 2001,
SC Ganguly,5,35,20,1,0,25.00,2,,Test v Zimbabwe,Bulawayo,7 Jun 2001,
R Dravid,44,118,67,7,0,65.67,2,,Test v Zimbabwe,Bulawayo,7 Jun 2001,
SS Dighe,47,119,95,6,0,49.47,2,,Test v Zimbabwe,Bulawayo,7 Jun 2001,
Harbhajan Singh,66,123,71,10,1,92.95,2,,Test v Zimbabwe,Bulawayo,7 Jun 2001,
Z Khan,0,2,3,0,0,0.00,2,,Test v Zimbabwe,Bulawayo,7 Jun 2001,
A Nehra,9*,39,31,1,0,29.03,2,,Test v Zimbabwe,Bulawayo,7 Jun 2001,
SS Das,82*,207,183,10,0,44.80,4,,Test v Zimbabwe,Bulawayo,7 Jun 2001,
S Ramesh,17,98,61,1,0,27.86,4,,Test v Zimbabwe,Bulawayo,7 Jun 2001,
VVS Laxman,38,66,35,5,1,108.57,4,,Test v Zimbabwe,Bulawayo,7 Jun 2001,
SR Tendulkar,36*,41,49,4,0,73.46,4,,Test v Zimbabwe,Bulawayo,7 Jun 2001,
A Nehra,DNB,-,-,-,-,-,4,,Test v Zimbabwe,Bulawayo,7 Jun 2001,
Z Khan,DNB,-,-,-,-,-,4,,Test v Zimbabwe,Bulawayo,7 Jun 2001,
SS Dighe,DNB,-,-,-,-,-,4,,Test v Zimbabwe,Bulawayo,7 Jun 2001,
Harbhajan Singh,DNB,-,-,-,-,-,4,,Test v Zimbabwe,Bulawayo,7 Jun 2001,
R Dravid,DNB,-,-,-,-,-,4,,Test v Zimbabwe,Bulawayo,7 Jun 2001,
SC Ganguly,DNB,-,-,-,-,-,4,,Test v Zimbabwe,Bulawayo,7 Jun 2001,
J Srinath,DNB,-,-,-,-,-,4,,Test v Zimbabwe,Bulawayo,7 Jun 2001,
SS Das,57,155,121,8,0,47.10,1,,Test v Zimbabwe,Harare,15 Jun 2001,
HK Badani,2,12,6,0,0,33.33,1,,Test v Zimbabwe,Harare,15 Jun 2001,
VVS Laxman,15,39,16,3,0,93.75,1,,Test v Zimbabwe,Harare,15 Jun 2001,
SR Tendulkar,20,78,46,2,1,43.47,1,,Test v Zimbabwe,Harare,15 Jun 2001,
SC Ganguly,9,51,32,1,0,28.12,1,,Test v Zimbabwe,Harare,15 Jun 2001,
R Dravid,68*,173,115,8,0,59.13,1,,Test v Zimbabwe,Harare,15 Jun 2001,
SS Dighe,20,56,41,4,0,48.78,1,,Test v Zimbabwe,Harare,15 Jun 2001,
AB Agarkar,6,9,12,0,0,50.00,1,,Test v Zimbabwe,Harare,15 Jun 2001,
Harbhajan Singh,31,53,42,6,0,73.80,1,,Test v Zimbabwe,Harare,15 Jun 2001,
J Srinath,0,19,14,0,0,0.00,1,,Test v Zimbabwe,Harare,15 Jun 2001,
A Nehra,0,4,2,0,0,0.00,1,,Test v Zimbabwe,Harare,15 Jun 2001,
SS Das,70,358,245,8,0,28.57,3,,Test v Zimbabwe,Harare,15 Jun 2001,
SS Dighe,4,15,9,1,0,44.44,3,,Test v Zimbabwe,Harare,15 Jun 2001,
VVS Laxman,20,42,27,4,0,74.07,3,,Test v Zimbabwe,Harare,15 Jun 2001,
SR Tendulkar,69,185,135,9,0,51.11,3,,Test v Zimbabwe,Harare,15 Jun 2001,
R Dravid,26,100,79,3,0,32.91,3,,Test v Zimbabwe,Harare,15 Jun 2001,
SC Ganguly,0,7,4,0,0,0.00,3,,Test v Zimbabwe,Harare,15 Jun 2001,
HK Badani,16*,83,50,1,1,32.00,3,,Test v Zimbabwe,Harare,15 Jun 2001,
AB Agarkar,0,6,2,0,0,0.00,3,,Test v Zimbabwe,Harare,15 Jun 2001,
Harbhajan Singh,5,6,5,1,0,100.00,3,,Test v Zimbabwe,Harare,15 Jun 2001,
J Srinath,3,35,18,0,0,16.66,3,,Test v Zimbabwe,Harare,15 Jun 2001,
A Nehra,0,25,19,0,0,0.00,3,,Test v Zimbabwe,Harare,15 Jun 2001,
SC Ganguly,2,2,5,0,0,40.00,2,,ODI v Zimbabwe,Harare,24 Jun 2001,
SR Tendulkar,70*,129,70,13,0,100.00,2,,ODI v Zimbabwe,Harare,24 Jun 2001,
HK Badani,52*,125,85,5,1,61.17,2,,ODI v Zimbabwe,Harare,24 Jun 2001,
A Nehra,DNB,-,-,-,-,-,2,,ODI v Zimbabwe,Harare,24 Jun 2001,
V Sehwag,DNB,-,-,-,-,-,2,,ODI v Zimbabwe,Harare,24 Jun 2001,
Z Khan,DNB,-,-,-,-,-,2,,ODI v Zimbabwe,Harare,24 Jun 2001,
SS Dighe,DNB,-,-,-,-,-,2,,ODI v Zimbabwe,Harare,24 Jun 2001,
Harbhajan Singh,DNB,-,-,-,-,-,2,,ODI v Zimbabwe,Harare,24 Jun 2001,
AB Agarkar,DNB,-,-,-,-,-,2,,ODI v Zimbabwe,Harare,24 Jun 2001,
VVS Laxman,DNB,-,-,-,-,-,2,,ODI v Zimbabwe,Harare,24 Jun 2001,
R Dravid,DNB,-,-,-,-,-,2,,ODI v Zimbabwe,Harare,24 Jun 2001,
SC Ganguly,85,174,125,8,1,68.00,2,,ODI v Zimbabwe,Bulawayo,27 Jun 2001,
SR Tendulkar,9,42,27,0,0,33.33,2,,ODI v Zimbabwe,Bulawayo,27 Jun 2001,
D Mongia,37,72,49,5,0,75.51,2,,ODI v Zimbabwe,Bulawayo,27 Jun 2001,
R Dravid,72*,103,64,7,0,112.50,2,,ODI v Zimbabwe,Bulawayo,27 Jun 2001,
HK Badani,0,2,1,0,0,0.00,2,,ODI v Zimbabwe,Bulawayo,27 Jun 2001,
V Sehwag,2,7,7,0,0,28.57,2,,ODI v Zimbabwe,Bulawayo,27 Jun 2001,
SS Dighe,9,14,13,1,0,69.23,2,,ODI v Zimbabwe,Bulawayo,27 Jun 2001,
AB Agarkar,13*,16,12,2,0,108.33,2,,ODI v Zimbabwe,Bulawayo,27 Jun 2001,
A Nehra,DNB,-,-,-,-,-,2,,ODI v Zimbabwe,Bulawayo,27 Jun 2001,
Z Khan,DNB,-,-,-,-,-,2,,ODI v Zimbabwe,Bulawayo,27 Jun 2001,
Harbhajan Singh,DNB,-,-,-,-,-,2,,ODI v Zimbabwe,Bulawayo,27 Jun 2001,
SC Ganguly,20,60,51,3,0,39.21,2,,ODI v West Indies,Bulawayo,30 Jun 2001,
SR Tendulkar,81*,191,110,8,0,73.63,2,,ODI v West Indies,Bulawayo,30 Jun 2001,
D Mongia,8,31,23,1,0,34.78,2,,ODI v West Indies,Bulawayo,30 Jun 2001,
R Dravid,4,5,5,0,0,80.00,2,,ODI v West Indies,Bulawayo,30 Jun 2001,
HK Badani,27,79,59,2,0,45.76,2,,ODI v West Indies,Bulawayo,30 Jun 2001,
V Sehwag,11*,19,16,1,0,68.75,2,,ODI v West Indies,Bulawayo,30 Jun 2001,
RS Sodhi,DNB,-,-,-,-,-,2,,ODI v West Indies,Bulawayo,30 Jun 2001,
Harvinder Singh,DNB,-,-,-,-,-,2,,ODI v West Indies,Bulawayo,30 Jun 2001,
DS Mohanty,DNB,-,-,-,-,-,2,,ODI v West Indies,Bulawayo,30 Jun 2001,
Z Khan,DNB,-,-,-,-,-,2,,ODI v West Indies,Bulawayo,30 Jun 2001,
SS Dighe,DNB,-,-,-,-,-,2,,ODI v West Indies,Bulawayo,30 Jun 2001,
SC Ganguly,62,87,87,10,1,71.26,2,,ODI v West Indies,Harare,4 Jul 2001,
SR Tendulkar,122*,210,131,12,1,93.12,2,,ODI v West Indies,Harare,4 Jul 2001,

V Sehwag,4,9,9,1,0,44.44,2,,ODI v West Indies,Harare,4 Jul 2001,
HK Badani,4,26,24,0,0,16.66,2,,ODI v West Indies,Harare,4 Jul 2001,
R Dravid,15,28,18,0,0,83.33,2,,ODI v West Indies,Harare,4 Jul 2001,
RS Sodhi,16*,19,21,2,0,76.19,2,,ODI v West Indies,Harare,4 Jul 2001,
A Nehra,DNB,-,-,-,-,-,2,,ODI v West Indies,Harare,4 Jul 2001,
SS Dighe,DNB,-,-,-,-,-,2,,ODI v West Indies,Harare,4 Jul 2001,
Harbhajan Singh,DNB,-,-,-,-,-,2,,ODI v West Indies,Harare,4 Jul 2001,
Harvinder Singh,DNB,-,-,-,-,-,2,,ODI v West Indies,Harare,4 Jul 2001,
DS Mohanty,DNB,-,-,-,-,-,2,,ODI v West Indies,Harare,4 Jul 2001,
SC Ganguly,28,38,32,3,1,87.50,2,,ODI v West Indies,Harare,7 Jul 2001,
SR Tendulkar,0,10,4,0,0,0.00,2,,ODI v West Indies,Harare,7 Jul 2001,
VVS Laxman,18,46,22,3,0,81.81,2,,ODI v West Indies,Harare,7 Jul 2001,
R Dravid,30,43,32,6,0,93.75,2,,ODI v West Indies,Harare,7 Jul 2001,
V Sehwag,2,12,7,0,0,28.57,2,,ODI v West Indies,Harare,7 Jul 2001,
RS Sodhi,67,89,75,3,3,89.33,2,,ODI v West Indies,Harare,7 Jul 2001,
SS Dighe,94*,119,96,7,2,97.91,2,,ODI v West Indies,Harare,7 Jul 2001,
Harbhajan Singh,12,13,11,2,0,109.09,2,,ODI v West Indies,Harare,7 Jul 2001,
Z Khan,0,1,1,0,0,0.00,2,,ODI v West Indies,Harare,7 Jul 2001,
DS Mohanty,18*,26,20,1,0,90.00,2,,ODI v West Indies,Harare,7 Jul 2001,
A Nehra,DNB,-,-,-,-,-,2,,ODI v West Indies,Harare,7 Jul 2001,
Yuvraj Singh,6,16,15,1,0,40.00,2,,ODI v New Zealand,Colombo (RPS),20 Jul 2001,
SC Ganguly,5,27,17,1,0,29.41,2,,ODI v New Zealand,Colombo (RPS),20 Jul 2001,
VVS Laxman,60,148,103,5,0,58.25,2,,ODI v New Zealand,Colombo (RPS),20 Jul 2001,
R Dravid,15,48,36,1,0,41.66,2,,ODI v New Zealand,Colombo (RPS),20 Jul 2001,
HK Badani,2,17,7,0,0,28.57,2,,ODI v New Zealand,Colombo (RPS),20 Jul 2001,
V Sehwag,0,2,3,0,0,0.00,2,,ODI v New Zealand,Colombo (RPS),20 Jul 2001,
RS Sodhi,18,36,25,0,1,72.00,2,,ODI v New Zealand,Colombo (RPS),20 Jul 2001,
SS Dighe,9,26,32,0,0,28.12,2,,ODI v New Zealand,Colombo (RPS),20 Jul 2001,
Harbhajan Singh,0,9,2,0,0,0.00,2,,ODI v New Zealand,Colombo (RPS),20 Jul 2001,
Z Khan,2,8,6,0,0,33.33,2,,ODI v New Zealand,Colombo (RPS),20 Jul 2001,
A Nehra,2*,3,2,0,0,100.00,2,,ODI v New Zealand,Colombo (RPS),20 Jul 2001,
AR Khurasiya,12,32,23,2,0,52.17,2,,ODI v Sri Lanka,Colombo (RPS),22 Jul 2001,
Yuvraj Singh,12,25,17,2,0,70.58,2,,ODI v Sri Lanka,Colombo (RPS),22 Jul 2001,
VVS Laxman,17,59,29,2,0,58.62,2,,ODI v Sri Lanka,Colombo (RPS),22 Jul 2001,
Harbhajan Singh,1,5,6,0,0,16.66,2,,ODI v Sri Lanka,Colombo (RPS),22 Jul 2001,
SC Ganguly,69,122,105,7,1,65.71,2,,ODI v Sri Lanka,Colombo (RPS),22 Jul 2001,
R Dravid,49*,126,81,0,0,60.49,2,,ODI v Sri Lanka,Colombo (RPS),22 Jul 2001,
RS Sodhi,19,18,20,1,0,95.00,2,,ODI v Sri Lanka,Colombo (RPS),22 Jul 2001,
V Sehwag,12,17,14,0,0,85.71,2,,ODI v Sri Lanka,Colombo (RPS),22 Jul 2001,
SS Dighe,11*,13,11,0,0,100.00,2,,ODI v Sri Lanka,Colombo (RPS),22 Jul 2001,
Z Khan,DNB,-,-,-,-,-,2,,ODI v Sri Lanka,Colombo (RPS),22 Jul 2001,
DS Mohanty,DNB,-,-,-,-,-,2,,ODI v Sri Lanka,Colombo (RPS),22 Jul 2001,
SC Ganguly,4,9,8,1,0,50.00,2,,ODI v New Zealand,Colombo (RPS),26 Jul 2001,
V Sehwag,33,59,54,3,0,61.11,2,,ODI v New Zealand,Colombo (RPS),26 Jul 2001,
VVS Laxman,1,4,2,0,0,50.00,2,,ODI v New Zealand,Colombo (RPS),26 Jul 2001,
R Dravid,27,111,57,1,0,47.36,2,,ODI v New Zealand,Colombo (RPS),26 Jul 2001,
HK Badani,6,10,10,1,0,60.00,2,,ODI v New Zealand,Colombo (RPS),26 Jul 2001,
Yuvraj Singh,28,50,51,3,0,54.90,2,,ODI v New Zealand,Colombo (RPS),26 Jul 2001,
RS Sodhi,9,25,13,1,0,69.23,2,,ODI v New Zealand,Colombo (RPS),26 Jul 2001,
SS Dighe,0,3,3,0,0,0.00,2,,ODI v New Zealand,Colombo (RPS),26 Jul 2001,
Harbhajan Singh,6,18,16,0,0,37.50,2,,ODI v New Zealand,Colombo (RPS),26 Jul 2001,
Z Khan,11*,25,14,1,0,78.57,2,,ODI v New Zealand,Colombo (RPS),26 Jul 2001,
A Nehra,2,13,14,0,0,14.28,2,,ODI v New Zealand,Colombo (RPS),26 Jul 2001,
AR Khurasiya,0,1,2,0,0,0.00,2,,ODI v Sri Lanka,Colombo (RPS),28 Jul 2001,
V Sehwag,27,60,41,5,0,65.85,2,,ODI v Sri Lanka,Colombo (RPS),28 Jul 2001,
VVS Laxman,87*,176,127,10,0,68.50,2,,ODI v Sri Lanka,Colombo (RPS),28 Jul 2001,
R Dravid,43,86,79,3,0,54.43,2,,ODI v Sri Lanka,Colombo (RPS),28 Jul 2001,
HK Badani,11*,30,27,0,0,40.74,2,,ODI v Sri Lanka,Colombo (RPS),28 Jul 2001,
A Nehra,DNB,-,-,-,-,-,2,,ODI v Sri Lanka,Colombo (RPS),28 Jul 2001,
Yuvraj Singh,DNB,-,-,-,-,-,2,,ODI v Sri Lanka,Colombo (RPS),28 Jul 2001,
Z Khan,DNB,-,-,-,-,-,2,,ODI v Sri Lanka,Colombo (RPS),28 Jul 2001,
SS Dighe,DNB,-,-,-,-,-,2,,ODI v Sri Lanka,Colombo (RPS),28 Jul 2001,
Harbhajan Singh,DNB,-,-,-,-,-,2,,ODI v Sri Lanka,Colombo (RPS),28 Jul 2001,
RS Sodhi,DNB,-,-,-,-,-,2,,ODI v Sri Lanka,Colombo (RPS),28 Jul 2001,
V Sehwag,0,1,1,0,0,0.00,1,,ODI v Sri Lanka,Colombo (SSC),1 Aug 2001,
SC Ganguly,0,26,16,0,0,0.00,1,,ODI v Sri Lanka,Colombo (SSC),1 Aug 2001,
VVS Laxman,10,47,29,1,0,34.48,1,,ODI v Sri Lanka,Colombo (SSC),1 Aug 2001,
R Dravid,47,122,88,3,0,53.40,1,,ODI v Sri Lanka,Colombo (SSC),1 Aug 2001,
HK Badani,2,19,11,0,0,18.18,1,,ODI v Sri Lanka,Colombo (SSC),1 Aug 2001,
Yuvraj Singh,98*,143,110,6,1,89.09,1,,ODI v Sri Lanka,Colombo (SSC),1 Aug 2001,
RS Sodhi,30,37,37,1,0,81.08,1,,ODI v Sri Lanka,Colombo (SSC),1 Aug 2001,
SS Dighe,3,4,3,0,0,100.00,1,,ODI v Sri Lanka,Colombo (SSC),1 Aug 2001,
Harbhajan Singh,4,5,3,1,0,133.33,1,,ODI v Sri Lanka,Colombo (SSC),1 Aug 2001,
Z Khan,3*,16,8,0,0,37.50,1,,ODI v Sri Lanka,Colombo (SSC),1 Aug 2001,
A Nehra,DNB,-,-,-,-,-,1,,ODI v Sri Lanka,Colombo (SSC),1 Aug 2001,
SC Ganguly,64,134,103,7,0,62.13,2,,ODI v New Zealand,Colombo (SSC),2 Aug 2001,
V Sehwag,100,97,70,19,1,142.85,2,,ODI v New Zealand,Colombo (SSC),2 Aug 2001,
VVS Laxman,0,11,9,0,0,0.00,2,,ODI v New Zealand,Colombo (SSC),2 Aug 2001,
R Dravid,57*,76,56,6,0,101.78,2,,ODI v New Zealand,Colombo (SSC),2 Aug 2001,
HK Badani,35*,51,38,3,2,92.10,2,,ODI v New Zealand,Colombo (SSC),2 Aug 2001,
A Nehra,DNB,-,-,-,-,-,2,,ODI v New Zealand,Colombo (SSC),2 Aug 2001,
Yuvraj Singh,DNB,-,-,-,-,-,2,,ODI v New Zealand,Colombo (SSC),2 Aug 2001,
Z Khan,DNB,-,-,-,-,-,2,,ODI v New Zealand,Colombo (SSC),2 Aug 2001,
SS Dighe,DNB,-,-,-,-,-,2,,ODI v New Zealand,Colombo (SSC),2 Aug 2001,
Harbhajan Singh,DNB,-,-,-,-,-,2,,ODI v New Zealand,Colombo (SSC),2 Aug 2001,
RS Sodhi,DNB,-,-,-,-,-,2,,ODI v New Zealand,Colombo (SSC),2 Aug 2001,
SC Ganguly,1,10,7,0,0,14.28,2,,ODI v Sri Lanka,Colombo (RPS),5 Aug 2001,
V Sehwag,4,8,4,1,0,100.00,2,,ODI v Sri Lanka,Colombo (RPS),5 Aug 2001,
VVS Laxman,37,84,51,5,0,72.54,2,,ODI v Sri Lanka,Colombo (RPS),5 Aug 2001,
R Dravid,21,42,36,2,0,58.33,2,,ODI v Sri Lanka,Colombo (RPS),5 Aug 2001,
HK Badani,22,43,38,1,1,57.89,2,,ODI v Sri Lanka,Colombo (RPS),5 Aug 2001,
Yuvraj Singh,6,10,6,1,0,100.00,2,,ODI v Sri Lanka,Colombo (RPS),5 Aug 2001,
RS Sodhi,7,17,15,1,0,46.66,2,,ODI v Sri Lanka,Colombo (RPS),5 Aug 2001,
SS Dighe,23,84,63,0,0,36.50,2,,ODI v Sri Lanka,Colombo (RPS),5 Aug 2001,
Harbhajan Singh,15,15,28,1,0,53.57,2,,ODI v Sri Lanka,Colombo (RPS),5 Aug 2001,
Z Khan,16,41,33,1,1,48.48,2,,ODI v Sri Lanka,Colombo (RPS),5 Aug 2001,
A Nehra,2*,10,10,0,0,20.00,2,,ODI v Sri Lanka,Colombo (RPS),5 Aug 2001,
SS Das,40,252,170,1,0,23.52,1,,Test v Sri Lanka,Galle,14 Aug 2001,
S Ramesh,42,182,127,2,0,33.07,1,,Test v Sri Lanka,Galle,14 Aug 2001,
M Kaif,37,172,144,2,0,25.69,1,,Test v Sri Lanka,Galle,14 Aug 2001,
R Dravid,12,42,28,1,0,42.85,1,,Test v Sri Lanka,Galle,14 Aug 2001,
SC Ganguly,15,86,60,0,0,25.00,1,,Test v Sri Lanka,Galle,14 Aug 2001,
HK Badani,6,10,6,1,0,100.00,1,,Test v Sri Lanka,Galle,14 Aug 2001,
SS Dighe,9,39,17,0,0,52.94,1,,Test v Sri Lanka,Galle,14 Aug 2001,
J Srinath,0*,9,3,0,0,0.00,1,,Test v Sri Lanka,Galle,14 Aug 2001,
Harbhajan Singh,4,4,6,1,0,66.66,1,,Test v Sri Lanka,Galle,14 Aug 2001,
Z Khan,0*,22,12,0,0,0.00,1,,Test v Sri Lanka,Galle,14 Aug 2001,
BKV Prasad,0,15,13,0,0,0.00,1,,Test v Sri Lanka,Galle,14 Aug 2001,
SS Das,23,81,55,2,0,41.81,3,,Test v Sri Lanka,Galle,14 Aug 2001,
S Ramesh,2,32,22,0,0,9.09,3,,Test v Sri Lanka,Galle,14 Aug 2001,
M Kaif,14,72,49,1,0,28.57,3,,Test v Sri Lanka,Galle,14 Aug 2001,
R Dravid,61*,219,172,6,0,35.46,3,,Test v Sri Lanka,Galle,14 Aug 2001,
SC Ganguly,4,13,11,1,0,36.36,3,,Test v Sri Lanka,Galle,14 Aug 2001,
HK Badani,5,21,12,0,0,41.66,3,,Test v Sri Lanka,Galle,14 Aug 2001,
SS Dighe,3,21,15,0,0,20.00,3,,Test v Sri Lanka,Galle,14 Aug 2001,
Harbhajan Singh,12,28,26,1,0,46.15,3,,Test v Sri Lanka,Galle,14 Aug 2001,
Z Khan,3,37,29,0,0,10.34,3,,Test v Sri Lanka,Galle,14 Aug 2001,
BKV Prasad,20,70,67,1,0,29.85,3,,Test v Sri Lanka,Galle,14 Aug 2001,
J Srinath,absent,-,-,-,-,-,3,,Test v Sri Lanka,Galle,14 Aug 2001,
SS Das,8,18,17,1,0,47.05,2,,Test v Sri Lanka,Kandy,22 Aug 2001,
S Ramesh,47,152,95,5,0,49.47,2,,Test v Sri Lanka,Kandy,22 Aug 2001,
R Dravid,15,33,19,3,0,78.94,2,,Test v Sri Lanka,Kandy,22 Aug 2001,
SC Ganguly,18,30,18,2,0,100.00,2,,Test v Sri Lanka,Kandy,22 Aug 2001,
M Kaif,17,58,44,2,0,38.63,2,,Test v Sri Lanka,Kandy,22 Aug 2001,
HK Badani,16,76,52,1,0,30.76,2,,Test v Sri Lanka,Kandy,22 Aug 2001,
SS Dighe,28,108,79,5,0,35.44,2,,Test v Sri Lanka,Kandy,22 Aug 2001,
Harbhajan Singh,44,60,32,9,0,137.50,2,,Test v Sri Lanka,Kandy,22 Aug 2001,
Z Khan,0,13,19,0,0,0.00,2,,Test v Sri Lanka,Kandy,22 Aug 2001,
BKV Prasad,1*,25,15,0,0,6.66,2,,Test v Sri Lanka,Kandy,22 Aug 2001,
Harvinder Singh,6,20,17,1,0,35.29,2,,Test v Sri Lanka,Kandy,22 Aug 2001,
SS Das,19,85,61,2,0,31.14,4,,Test v Sri Lanka,Kandy,22 Aug 2001,
S Ramesh,31,157,105,4,0,29.52,4,,Test v Sri Lanka,Kandy,22 Aug 2001,
R Dravid,75,184,123,12,0,60.97,4,,Test v Sri Lanka,Kandy,22 Aug 2001,
SC Ganguly,98*,187,152,15,0,64.47,4,,Test v Sri Lanka,Kandy,22 Aug 2001,
M Kaif,19*,76,43,2,0,44.18,4,,Test v Sri Lanka,Kandy,22 Aug 2001,
Harbhajan Singh,DNB,-,-,-,-,-,4,,Test v Sri Lanka,Kandy,22 Aug 2001,
Harvinder Singh,DNB,-,-,-,-,-,4,,Test v Sri Lanka,Kandy,22 Aug 2001,
Z Khan,DNB,-,-,-,-,-,4,,Test v Sri Lanka,Kandy,22 Aug 2001,
BKV Prasad,DNB,-,-,-,-,-,4,,Test v Sri Lanka,Kandy,22 Aug 2001,
SS Dighe,DNB,-,-,-,-,-,4,,Test v Sri Lanka,Kandy,22 Aug 2001,
HK Badani,DNB,-,-,-,-,-,4,,Test v Sri Lanka,Kandy,22 Aug 2001,
SS Das,59,134,111,10,0,53.15,1,,Test v Sri Lanka,Colombo (SSC),29 Aug 2001,
S Ramesh,46,158,115,4,0,40.00,1,,Test v Sri Lanka,Colombo (SSC),29 Aug 2001,
R Dravid,36,129,85,2,0,42.35,1,,Test v Sri Lanka,Colombo (SSC),29 Aug 2001,
SC Ganguly,1,10,9,0,0,11.11,1,,Test v Sri Lanka,Colombo (SSC),29 Aug 2001,
M Kaif,14,57,42,2,0,33.33,1,,Test v Sri Lanka,Colombo (SSC),29 Aug 2001,
HK Badani,38,73,56,7,0,67.85,1,,Test v Sri Lanka,Colombo (SSC),29 Aug 2001,
SS Dighe,0,2,2,0,0,0.00,1,,Test v Sri Lanka,Colombo (SSC),29 Aug 2001,
SV Bahutule,18,69,42,2,0,42.85,1,,Test v Sri Lanka,Colombo (SSC),29 Aug 2001,
Harbhajan Singh,2,7,4,0,0,50.00,1,,Test v Sri Lanka,Colombo (SSC),29 Aug 2001,
Z Khan,0,3,2,0,0,0.00,1,,Test v Sri Lanka,Colombo (SSC),29 Aug 2001,
BKV Prasad,10*,23,22,1,0,45.45,1,,Test v Sri Lanka,Colombo (SSC),29 Aug 2001,
SS Das,68,165,162,11,0,41.97,3,,Test v Sri Lanka,Colombo (SSC),29 Aug 2001,
S Ramesh,55,229,164,4,0,33.53,3,,Test v Sri Lanka,Colombo (SSC),29 Aug 2001,
R Dravid,36,152,124,4,0,29.03,3,,Test v Sri Lanka,Colombo (SSC),29 Aug 2001,
SC Ganguly,30,148,103,2,1,29.12,3,,Test v Sri Lanka,Colombo (SSC),29 Aug 2001,
M Kaif,5,31,30,0,0,16.66,3,,Test v Sri Lanka,Colombo (SSC),29 Aug 2001,
HK Badani,11,75,66,1,0,16.66,3,,Test v Sri Lanka,Colombo (SSC),29 Aug 2001,
SV Bahutule,0,4,2,0,0,0.00,3,,Test v Sri Lanka,Colombo (SSC),29 Aug 2001,
SS Dighe,4,48,38,0,0,10.52,3,,Test v Sri Lanka,Colombo (SSC),29 Aug 2001,
Harbhajan Singh,17,32,20,1,1,85.00,3,,Test v Sri Lanka,Colombo (SSC),29 Aug 2001,
Z Khan,45,44,40,5,2,112.50,3,,Test v Sri Lanka,Colombo (SSC),29 Aug 2001,
BKV Prasad,4*,17,9,0,0,44.44,3,,Test v Sri Lanka,Colombo (SSC),29 Aug 2001,
SC Ganguly,127,150,126,14,5,100.79,1,,ODI v South Africa,Johannesburg,5 Oct 2001,
SR Tendulkar,101,209,129,9,0,78.29,1,,ODI v South Africa,Johannesburg,5 Oct 2001,
R Dravid,1,12,7,0,0,14.28,1,,ODI v South Africa,Johannesburg,5 Oct 2001,
Yuvraj Singh,14,27,18,2,0,77.77,1,,ODI v South Africa,Johannesburg,5 Oct 2001,
V Sehwag,5,9,5,0,0,100.00,1,,ODI v South Africa,Johannesburg,5 Oct 2001,
AB Agarkar,12*,17,11,1,0,109.09,1,,ODI v South Africa,Johannesburg,5 Oct 2001,
SS Das,5*,9,6,0,0,83.33,1,,ODI v South Africa,Johannesburg,5 Oct 2001,
A Kumble,DNB,-,-,-,-,-,1,,ODI v South Africa,Johannesburg,5 Oct 2001,
D Dasgupta,DNB,-,-,-,-,-,1,,ODI v South Africa,Johannesburg,5 Oct 2001,
BKV Prasad,DNB,-,-,-,-,-,1,,ODI v South Africa,Johannesburg,5 Oct 2001,
J Srinath,DNB,-,-,-,-,-,1,,ODI v South Africa,Johannesburg,5 Oct 2001,
SC Ganguly,24,34,27,1,2,88.88,1,,ODI v South Africa,Centurion,10 Oct 2001,
SR Tendulkar,38,82,57,5,0,66.66,1,,ODI v South Africa,Centurion,10 Oct 2001,
SS Das,2,8,8,0,0,25.00,1,,ODI v South Africa,Centurion,10 Oct 2001,
R Dravid,54,107,79,5,0,68.35,1,,ODI v South Africa,Centurion,10 Oct 2001,
Yuvraj Singh,42,79,55,4,1,76.36,1,,ODI v South Africa,Centurion,10 Oct 2001,
V Sehwag,33,32,27,4,1,122.22,1,,ODI v South Africa,Centurion,10 Oct 2001,
D Dasgupta,8,20,12,1,0,66.66,1,,ODI v South Africa,Centurion,10 Oct 2001,
AB Agarkar,1,7,4,0,0,25.00,1,,ODI v South Africa,Centurion,10 Oct 2001,
Harbhajan Singh,15,20,14,2,0,107.14,1,,ODI v South Africa,Centurion,10 Oct 2001,
A Kumble,7*,23,10,0,0,70.00,1,,ODI v South Africa,Centurion,10 Oct 2001,
J Srinath,2,3,4,0,0,50.00,1,,ODI v South Africa,Centurion,10 Oct 2001,
D Dasgupta,24*,50,32,4,0,75.00,2,,ODI v Kenya,Bloemfontein,12 Oct 2001,
V Sehwag,55*,50,43,11,0,127.90,2,,ODI v Kenya,Bloemfontein,12 Oct 2001,
Yuvraj Singh,DNB,-,-,-,-,-,2,,ODI v Kenya,Bloemfontein,12 Oct 2001,
JJ Martin,DNB,-,-,-,-,-,2,,ODI v Kenya,Bloemfontein,12 Oct 2001,
Harbhajan Singh,DNB,-,-,-,-,-,2,,ODI v Kenya,Bloemfontein,12 Oct 2001,
AB Agarkar,DNB,-,-,-,-,-,2,,ODI v Kenya,Bloemfontein,12 Oct 2001,
R Dravid,DNB,-,-,-,-,-,2,,ODI v Kenya,Bloemfontein,12 Oct 2001,
SC Ganguly,DNB,-,-,-,-,-,2,,ODI v Kenya,Bloemfontein,12 Oct 2001,
J Srinath,DNB,-,-,-,-,-,2,,ODI v Kenya,Bloemfontein,12 Oct 2001,
A Kumble,DNB,-,-,-,-,-,2,,ODI v Kenya,Bloemfontein,12 Oct 2001,
SR Tendulkar,DNB,-,-,-,-,-,2,,ODI v Kenya,Bloemfontein,12 Oct 2001,
SC Ganguly,24,57,35,1,2,68.57,2,,ODI v Kenya,Port Elizabeth,17 Oct 2001,
SR Tendulkar,3,24,20,0,0,15.00,2,,ODI v Kenya,Port Elizabeth,17 Oct 2001,
JJ Martin,36,107,70,5,0,51.42,2,,ODI v Kenya,Port Elizabeth,17 Oct 2001,
R Dravid,11,25,23,2,0,47.82,2,,ODI v Kenya,Port Elizabeth,17 Oct 2001,

Yuvraj Singh,0,1,1,0,0,0.00,2,,ODI v Kenya,Port Elizabeth,17 Oct 2001,
RS Sodhi,21,38,25,2,1,84.00,2,,ODI v Kenya,Port Elizabeth,17 Oct 2001,
D Dasgupta,19,41,37,1,0,51.35,2,,ODI v Kenya,Port Elizabeth,17 Oct 2001,
A Kumble,1,8,11,0,0,9.09,2,,ODI v Kenya,Port Elizabeth,17 Oct 2001,
Harbhajan Singh,37,50,32,4,1,115.62,2,,ODI v Kenya,Port Elizabeth,17 Oct 2001,
BKV Prasad,10*,32,25,0,0,40.00,2,,ODI v Kenya,Port Elizabeth,17 Oct 2001,
Harvinder Singh,1,7,5,0,0,20.00,2,,ODI v Kenya,Port Elizabeth,17 Oct 2001,
SC Ganguly,85,127,95,6,4,89.47,2,,ODI v South Africa,East London,19 Oct 2001,
SR Tendulkar,37,68,35,5,0,105.71,2,,ODI v South Africa,East London,19 Oct 2001,
SS Das,2,5,3,0,0,66.66,2,,ODI v South Africa,East London,19 Oct 2001,
R Dravid,71*,122,87,7,0,81.60,2,,ODI v South Africa,East London,19 Oct 2001,
Yuvraj Singh,3,10,8,0,0,37.50,2,,ODI v South Africa,East London,19 Oct 2001,
V Sehwag,4,8,5,0,0,80.00,2,,ODI v South Africa,East London,19 Oct 2001,
AB Agarkar,16,17,23,1,0,69.56,2,,ODI v South Africa,East London,19 Oct 2001,
D Dasgupta,0,5,1,0,0,0.00,2,,ODI v South Africa,East London,19 Oct 2001,
Harbhajan Singh,7,11,9,1,0,77.77,2,,ODI v South Africa,East London,19 Oct 2001,
A Kumble,0,1,1,0,0,0.00,2,,ODI v South Africa,East London,19 Oct 2001,
J Srinath,5,9,5,1,0,100.00,2,,ODI v South Africa,East London,19 Oct 2001,
SC Ganguly,111,177,124,7,3,89.51,1,,ODI v Kenya,Paarl,24 Oct 2001,
SR Tendulkar,146,186,132,17,0,110.60,1,,ODI v Kenya,Paarl,24 Oct 2001,
V Sehwag,55*,35,23,7,3,239.13,1,,ODI v Kenya,Paarl,24 Oct 2001,
VVS Laxman,15,14,14,1,0,107.14,1,,ODI v Kenya,Paarl,24 Oct 2001,
Yuvraj Singh,10*,10,8,0,0,125.00,1,,ODI v Kenya,Paarl,24 Oct 2001,
A Kumble,DNB,-,-,-,-,-,1,,ODI v Kenya,Paarl,24 Oct 2001,
J Srinath,DNB,-,-,-,-,-,1,,ODI v Kenya,Paarl,24 Oct 2001,
R Dravid,DNB,-,-,-,-,-,1,,ODI v Kenya,Paarl,24 Oct 2001,
RS Sodhi,DNB,-,-,-,-,-,1,,ODI v Kenya,Paarl,24 Oct 2001,
AB Agarkar,DNB,-,-,-,-,-,1,,ODI v Kenya,Paarl,24 Oct 2001,
Harbhajan Singh,DNB,-,-,-,-,-,1,,ODI v Kenya,Paarl,24 Oct 2001,
SC Ganguly,9,28,17,1,0,52.94,1,,ODI v South Africa,Durban,26 Oct 2001,
SR Tendulkar,17,49,42,3,0,40.47,1,,ODI v South Africa,Durban,26 Oct 2001,
V Sehwag,34,80,58,4,1,58.62,1,,ODI v South Africa,Durban,26 Oct 2001,
R Dravid,77,143,102,6,0,75.49,1,,ODI v South Africa,Durban,26 Oct 2001,
VVS Laxman,5,20,10,0,0,50.00,1,,ODI v South Africa,Durban,26 Oct 2001,
Yuvraj Singh,0,3,2,0,0,0.00,1,,ODI v South Africa,Durban,26 Oct 2001,
RS Sodhi,22,49,42,1,0,52.38,1,,ODI v South Africa,Durban,26 Oct 2001,
AB Agarkar,9*,21,13,0,0,69.23,1,,ODI v South Africa,Durban,26 Oct 2001,
Harbhajan Singh,3,4,5,0,0,60.00,1,,ODI v South Africa,Durban,26 Oct 2001,
J Srinath,0,1,1,0,0,0.00,1,,ODI v South Africa,Durban,26 Oct 2001,
A Kumble,0,2,2,0,0,0.00,1,,ODI v South Africa,Durban,26 Oct 2001,
SS Das,9,55,50,2,0,18.00,1,,Test v South Africa,Bloemfontein,3 Nov 2001,
R Dravid,2,15,10,0,0,20.00,1,,Test v South Africa,Bloemfontein,3 Nov 2001,
VVS Laxman,32,50,30,4,1,106.66,1,,Test v South Africa,Bloemfontein,3 Nov 2001,
SR Tendulkar,155,233,184,23,1,84.23,1,,Test v South Africa,Bloemfontein,3 Nov 2001,
SC Ganguly,14,22,18,3,0,77.77,1,,Test v South Africa,Bloemfontein,3 Nov 2001,
V Sehwag,105,272,173,19,0,60.69,1,,Test v South Africa,Bloemfontein,3 Nov 2001,
D Dasgupta,34,115,71,5,0,47.88,1,,Test v South Africa,Bloemfontein,3 Nov 2001,
A Kumble,6,21,27,1,0,22.22,1,,Test v South Africa,Bloemfontein,3 Nov 2001,
J Srinath,1,24,10,0,0,10.00,1,,Test v South Africa,Bloemfontein,3 Nov 2001,
Z Khan,0,2,4,0,0,0.00,1,,Test v South Africa,Bloemfontein,3 Nov 2001,
A Nehra,0*,1,1,0,0,0.00,1,,Test v South Africa,Bloemfontein,3 Nov 2001,
SS Das,62,117,96,13,0,64.58,3,,Test v South Africa,Bloemfontein,3 Nov 2001,
R Dravid,11,20,17,0,0,64.70,3,,Test v South Africa,Bloemfontein,3 Nov 2001,
VVS Laxman,29,87,63,5,0,46.03,3,,Test v South Africa,Bloemfontein,3 Nov 2001,
SR Tendulkar,15,60,35,2,0,42.85,3,,Test v South Africa,Bloemfontein,3 Nov 2001,
SC Ganguly,30,94,71,5,0,42.25,3,,Test v South Africa,Bloemfontein,3 Nov 2001,
V Sehwag,31,49,36,6,0,86.11,3,,Test v South Africa,Bloemfontein,3 Nov 2001,
D Dasgupta,4,42,31,0,0,12.90,3,,Test v South Africa,Bloemfontein,3 Nov 2001,
A Kumble,4,25,19,1,0,21.05,3,,Test v South Africa,Bloemfontein,3 Nov 2001,
J Srinath,16,39,25,2,0,64.00,3,,Test v South Africa,Bloemfontein,3 Nov 2001,
Z Khan,0,2,2,0,0,0.00,3,,Test v South Africa,Bloemfontein,3 Nov 2001,
A Nehra,17*,31,29,1,1,58.62,3,,Test v South Africa,Bloemfontein,3 Nov 2001,
SS Das,1,18,11,0,0,9.09,2,,Test v South Africa,Port Elizabeth,16 Nov 2001,
D Dasgupta,13,77,60,0,0,21.66,2,,Test v South Africa,Port Elizabeth,16 Nov 2001,
R Dravid,2,16,11,0,0,18.18,2,,Test v South Africa,Port Elizabeth,16 Nov 2001,
SR Tendulkar,1,10,4,0,0,25.00,2,,Test v South Africa,Port Elizabeth,16 Nov 2001,
SC Ganguly,42,65,46,7,0,91.30,2,,Test v South Africa,Port Elizabeth,16 Nov 2001,
VVS Laxman,89,181,121,12,0,73.55,2,,Test v South Africa,Port Elizabeth,16 Nov 2001,
V Sehwag,13,42,29,3,0,44.82,2,,Test v South Africa,Port Elizabeth,16 Nov 2001,
AB Agarkar,1,11,6,0,0,16.66,2,,Test v South Africa,Port Elizabeth,16 Nov 2001,
Harbhajan Singh,0,2,2,0,0,0.00,2,,Test v South Africa,Port Elizabeth,16 Nov 2001,
A Kumble,28,100,86,4,0,32.55,2,,Test v South Africa,Port Elizabeth,16 Nov 2001,
J Srinath,0*,5,2,0,0,0.00,2,,Test v South Africa,Port Elizabeth,16 Nov 2001,
SS Das,0,2,5,0,0,0.00,4,,Test v South Africa,Port Elizabeth,16 Nov 2001,
D Dasgupta,63,335,281,7,0,22.41,4,,Test v South Africa,Port Elizabeth,16 Nov 2001,
R Dravid,87,312,241,12,0,36.09,4,,Test v South Africa,Port Elizabeth,16 Nov 2001,
SR Tendulkar,22*,54,45,4,0,48.88,4,,Test v South Africa,Port Elizabeth,16 Nov 2001,
SC Ganguly,4*,34,18,0,0,22.22,4,,Test v South Africa,Port Elizabeth,16 Nov 2001,
A Kumble,DNB,-,-,-,-,-,4,,Test v South Africa,Port Elizabeth,16 Nov 2001,
J Srinath,DNB,-,-,-,-,-,4,,Test v South Africa,Port Elizabeth,16 Nov 2001,
VVS Laxman,DNB,-,-,-,-,-,4,,Test v South Africa,Port Elizabeth,16 Nov 2001,
AB Agarkar,DNB,-,-,-,-,-,4,,Test v South Africa,Port Elizabeth,16 Nov 2001,
Harbhajan Singh,DNB,-,-,-,-,-,4,,Test v South Africa,Port Elizabeth,16 Nov 2001,
V Sehwag,DNB,-,-,-,-,-,4,,Test v South Africa,Port Elizabeth,16 Nov 2001,
SS Das,2,34,22,0,0,9.09,2,,Test v England,Mohali,3 Dec 2001,
D Dasgupta,100,336,254,15,0,39.37,2,,Test v England,Mohali,3 Dec 2001,
A Kumble,37,107,86,6,0,43.02,2,,Test v England,Mohali,3 Dec 2001,
R Dravid,86,301,206,10,0,41.74,2,,Test v England,Mohali,3 Dec 2001,
SR Tendulkar,88,229,144,13,0,61.11,2,,Test v England,Mohali,3 Dec 2001,
SC Ganguly,47,127,95,7,0,49.47,2,,Test v England,Mohali,3 Dec 2001,
VVS Laxman,28,103,67,4,0,41.79,2,,Test v England,Mohali,3 Dec 2001,
SB Bangar,36,116,110,6,0,32.72,2,,Test v England,Mohali,3 Dec 2001,
Harbhajan Singh,1,7,4,0,0,25.00,2,,Test v England,Mohali,3 Dec 2001,
IR Siddiqui,24,28,28,2,1,85.71,2,,Test v England,Mohali,3 Dec 2001,
T Yohannan,2*,12,2,0,0,100.00,2,,Test v England,Mohali,3 Dec 2001,
IR Siddiqui,5*,1,2,1,0,250.00,4,,Test v England,Mohali,3 Dec 2001,
D Dasgupta,0*,1,0,0,0,-,4,,Test v England,Mohali,3 Dec 2001,
SR Tendulkar,DNB,-,-,-,-,-,4,,Test v England,Mohali,3 Dec 2001,
A Kumble,DNB,-,-,-,-,-,4,,Test v England,Mohali,3 Dec 2001,
SC Ganguly,DNB,-,-,-,-,-,4,,Test v England,Mohali,3 Dec 2001,
R Dravid,DNB,-,-,-,-,-,4,,Test v England,Mohali,3 Dec 2001,
VVS Laxman,DNB,-,-,-,-,-,4,,Test v England,Mohali,3 Dec 2001,
Harbhajan Singh,DNB,-,-,-,-,-,4,,Test v England,Mohali,3 Dec 2001,
SS Das,DNB,-,-,-,-,-,4,,Test v England,Mohali,3 Dec 2001,
SB Bangar,DNB,-,-,-,-,-,4,,Test v England,Mohali,3 Dec 2001,
T Yohannan,DNB,-,-,-,-,-,4,,Test v England,Mohali,3 Dec 2001,
SS Das,41,110,95,5,0,43.15,2,,Test v England,Ahmedabad,11 Dec 2001,
D Dasgupta,17,90,67,2,0,25.37,2,,Test v England,Ahmedabad,11 Dec 2001,
R Dravid,7,93,60,0,0,11.66,2,,Test v England,Ahmedabad,11 Dec 2001,
SR Tendulkar,103,254,197,12,1,52.28,2,,Test v England,Ahmedabad,11 Dec 2001,
SC Ganguly,5,22,13,0,0,38.46,2,,Test v England,Ahmedabad,11 Dec 2001,
VVS Laxman,75,297,192,9,0,39.06,2,,Test v England,Ahmedabad,11 Dec 2001,
V Sehwag,20,44,34,2,1,58.82,2,,Test v England,Ahmedabad,11 Dec 2001,
A Kumble,5,38,32,0,0,15.62,2,,Test v England,Ahmedabad,11 Dec 2001,
Harbhajan Singh,0,8,7,0,0,0.00,2,,Test v England,Ahmedabad,11 Dec 2001,
J Srinath,0,8,10,0,0,0.00,2,,Test v England,Ahmedabad,11 Dec 2001,
T Yohannan,3*,34,19,0,0,15.78,2,,Test v England,Ahmedabad,11 Dec 2001,
SS Das,58,191,159,7,0,36.47,4,,Test v England,Ahmedabad,11 Dec 2001,
D Dasgupta,60,225,190,5,0,31.57,4,,Test v England,Ahmedabad,11 Dec 2001,
R Dravid,26*,155,108,2,0,24.07,4,,Test v England,Ahmedabad,11 Dec 2001,
SR Tendulkar,26,87,81,4,0,32.09,4,,Test v England,Ahmedabad,11 Dec 2001,
SC Ganguly,16*,45,43,3,0,37.20,4,,Test v England,Ahmedabad,11 Dec 2001,
A Kumble,DNB,-,-,-,-,-,4,,Test v England,Ahmedabad,11 Dec 2001,
J Srinath,DNB,-,-,-,-,-,4,,Test v England,Ahmedabad,11 Dec 2001,
VVS Laxman,DNB,-,-,-,-,-,4,,Test v England,Ahmedabad,11 Dec 2001,
Harbhajan Singh,DNB,-,-,-,-,-,4,,Test v England,Ahmedabad,11 Dec 2001,
V Sehwag,DNB,-,-,-,-,-,4,,Test v England,Ahmedabad,11 Dec 2001,
T Yohannan,DNB,-,-,-,-,-,4,,Test v England,Ahmedabad,11 Dec 2001,
SS Das,28,151,105,4,0,26.66,2,,Test v England,Bengaluru,19 Dec 2001,
D Dasgupta,0,14,7,0,0,0.00,2,,Test v England,Bengaluru,19 Dec 2001,
VVS Laxman,12,27,18,2,0,66.66,2,,Test v England,Bengaluru,19 Dec 2001,
SR Tendulkar,90,263,198,13,0,45.45,2,,Test v England,Bengaluru,19 Dec 2001,
R Dravid,3,73,61,0,0,4.91,2,,Test v England,Bengaluru,19 Dec 2001,
SC Ganguly,0,7,3,0,0,0.00,2,,Test v England,Bengaluru,19 Dec 2001,
V Sehwag,66,123,88,13,0,75.00,2,,Test v England,Bengaluru,19 Dec 2001,
A Kumble,14,77,42,2,0,33.33,2,,Test v England,Bengaluru,19 Dec 2001,
Harbhajan Singh,8,36,27,0,0,29.62,2,,Test v England,Bengaluru,19 Dec 2001,
Sarandeep Singh,4,21,16,0,0,25.00,2,,Test v England,Bengaluru,19 Dec 2001,
J Srinath,2*,8,5,0,0,40.00,2,,Test v England,Bengaluru,19 Dec 2001,
SC Ganguly,42,86,58,4,1,72.41,1,,ODI v England,Kolkata,19 Jan 2002,
SR Tendulkar,36,71,43,6,0,83.72,1,,ODI v England,Kolkata,19 Jan 2002,
D Mongia,71,120,75,7,1,94.66,1,,ODI v England,Kolkata,19 Jan 2002,
VVS Laxman,25,36,31,2,0,80.64,1,,ODI v England,Kolkata,19 Jan 2002,
V Sehwag,29,42,37,5,0,78.37,1,,ODI v England,Kolkata,19 Jan 2002,
HK Badani,35,58,33,3,0,106.06,1,,ODI v England,Kolkata,19 Jan 2002,
AB Agarkar,2,3,2,0,0,100.00,1,,ODI v England,Kolkata,19 Jan 2002,
A Ratra,2,2,2,0,0,100.00,1,,ODI v England,Kolkata,19 Jan 2002,
Harbhajan Singh,18*,26,21,2,0,85.71,1,,ODI v England,Kolkata,19 Jan 2002,
A Kumble,0*,1,1,0,0,0.00,1,,ODI v England,Kolkata,19 Jan 2002,
J Srinath,DNB,-,-,-,-,-,1,,ODI v England,Kolkata,19 Jan 2002,
SC Ganguly,14,17,15,3,0,93.33,2,,ODI v England,Cuttack,22 Jan 2002,
SR Tendulkar,45,101,60,6,0,75.00,2,,ODI v England,Cuttack,22 Jan 2002,
D Mongia,49,127,82,4,0,59.75,2,,ODI v England,Cuttack,22 Jan 2002,
VVS Laxman,3,10,6,0,0,50.00,2,,ODI v England,Cuttack,22 Jan 2002,
V Sehwag,5,11,10,0,0,50.00,2,,ODI v England,Cuttack,22 Jan 2002,
HK Badani,13,30,17,2,0,76.47,2,,ODI v England,Cuttack,22 Jan 2002,
A Ratra,30,36,40,3,0,75.00,2,,ODI v England,Cuttack,22 Jan 2002,
AB Agarkar,29,65,26,3,0,111.53,2,,ODI v England,Cuttack,22 Jan 2002,
Harbhajan Singh,6,3,6,1,0,100.00,2,,ODI v England,Cuttack,22 Jan 2002,
A Kumble,20,28,26,1,0,76.92,2,,ODI v England,Cuttack,22 Jan 2002,
J Srinath,7*,7,8,0,0,87.50,2,,ODI v England,Cuttack,22 Jan 2002,
SR Tendulkar,68,110,79,10,0,86.07,2,,ODI v England,Chennai,25 Jan 2002,
V Sehwag,51,81,58,8,0,87.93,2,,ODI v England,Chennai,25 Jan 2002,
VVS Laxman,26,67,53,2,0,49.05,2,,ODI v England,Chennai,25 Jan 2002,
D Mongia,21,41,26,2,1,80.76,2,,ODI v England,Chennai,25 Jan 2002,
HK Badani,12,42,20,1,0,60.00,2,,ODI v England,Chennai,25 Jan 2002,
SB Bangar,1,5,5,0,0,20.00,2,,ODI v England,Chennai,25 Jan 2002,
A Ratra,29*,46,32,4,0,90.62,2,,ODI v England,Chennai,25 Jan 2002,
AB Agarkar,6*,12,8,0,0,75.00,2,,ODI v England,Chennai,25 Jan 2002,
A Kumble,DNB,-,-,-,-,-,2,,ODI v England,Chennai,25 Jan 2002,
J Srinath,DNB,-,-,-,-,-,2,,ODI v England,Chennai,25 Jan 2002,
Harbhajan Singh,DNB,-,-,-,-,-,2,,ODI v England,Chennai,25 Jan 2002,
SR Tendulkar,87*,120,67,13,1,129.85,2,,ODI v England,Kanpur,28 Jan 2002,
V Sehwag,82,70,62,14,0,132.25,2,,ODI v England,Kanpur,28 Jan 2002,
SC Ganguly,26,26,32,5,0,81.25,2,,ODI v England,Kanpur,28 Jan 2002,
D Mongia,17*,19,17,3,0,100.00,2,,ODI v England,Kanpur,28 Jan 2002,
A Kumble,DNB,-,-,-,-,-,2,,ODI v England,Kanpur,28 Jan 2002,
J Srinath,DNB,-,-,-,-,-,2,,ODI v England,Kanpur,28 Jan 2002,
AB Agarkar,DNB,-,-,-,-,-,2,,ODI v England,Kanpur,28 Jan 2002,
Harbhajan Singh,DNB,-,-,-,-,-,2,,ODI v England,Kanpur,28 Jan 2002,
HK Badani,DNB,-,-,-,-,-,2,,ODI v England,Kanpur,28 Jan 2002,
M Kaif,DNB,-,-,-,-,-,2,,ODI v England,Kanpur,28 Jan 2002,
A Ratra,DNB,-,-,-,-,-,2,,ODI v England,Kanpur,28 Jan 2002,
V Sehwag,42,49,36,7,0,116.66,2,,ODI v England,Delhi,31 Jan 2002,
SR Tendulkar,18,20,16,3,0,112.50,2,,ODI v England,Delhi,31 Jan 2002,
SC Ganguly,74,149,95,5,3,77.89,2,,ODI v England,Delhi,31 Jan 2002,
D Mongia,20,40,33,2,0,60.60,2,,ODI v England,Delhi,31 Jan 2002,
M Kaif,46,83,64,3,0,71.87,2,,ODI v England,Delhi,31 Jan 2002,
HK Badani,2,10,7,0,0,28.57,2,,ODI v England,Delhi,31 Jan 2002,
A Ratra,10,15,12,1,0,83.33,2,,ODI v England,Delhi,31 Jan 2002,
AB Agarkar,36*,30,24,4,0,150.00,2,,ODI v England,Delhi,31 Jan 2002,
A Kumble,2,5,6,0,0,33.33,2,,ODI v England,Delhi,31 Jan 2002,
Sarandeep Singh,6*,15,8,0,0,75.00,2,,ODI v England,Delhi,31 Jan 2002,
J Srinath,DNB,-,-,-,-,-,2,,ODI v England,Delhi,31 Jan 2002,
V Sehwag,31,59,29,4,1,106.89,2,,ODI v England,Mumbai,3 Feb 2002,
SR Tendulkar,12,22,18,1,1,66.66,2,,ODI v England,Mumbai,3 Feb 2002,
SC Ganguly,80,128,99,4,4,80.80,2,,ODI v England,Mumbai,3 Feb 2002,
D Mongia,35,61,56,3,0,62.50,2,,ODI v England,Mumbai,3 Feb 2002,
M Kaif,20,41,36,2,0,55.55,2,,ODI v England,Mumbai,3 Feb 2002,
HK Badani,27*,65,32,2,0,84.37,2,,ODI v England,Mumbai,3 Feb 2002,

A Ratra,8,17,14,0,0,57.14,2,,ODI v England,Mumbai,3 Feb 2002,
AB Agarkar,0,2,2,0,0,0.00,2,,ODI v England,Mumbai,3 Feb 2002,
Harbhajan Singh,5,15,11,1,0,45.45,2,,ODI v England,Mumbai,3 Feb 2002,
A Kumble,5,8,6,0,0,83.33,2,,ODI v England,Mumbai,3 Feb 2002,
J Srinath,0,1,1,0,0,0.00,2,,ODI v England,Mumbai,3 Feb 2002,
SS Das,105,292,203,19,0,51.72,2,,Test v Zimbabwe,Nagpur,21 Feb 2002,
D Dasgupta,33,121,98,2,1,33.67,2,,Test v Zimbabwe,Nagpur,21 Feb 2002,
R Dravid,65,235,179,8,0,36.31,2,,Test v Zimbabwe,Nagpur,21 Feb 2002,
SR Tendulkar,176,440,316,23,0,55.69,2,,Test v Zimbabwe,Nagpur,21 Feb 2002,
SC Ganguly,38,149,99,7,0,38.38,2,,Test v Zimbabwe,Nagpur,21 Feb 2002,
VVS Laxman,13,63,47,2,0,27.65,2,,Test v Zimbabwe,Nagpur,21 Feb 2002,
SB Bangar,100*,184,155,12,2,64.51,2,,Test v Zimbabwe,Nagpur,21 Feb 2002,
Z Khan,0,2,2,0,0,0.00,2,,Test v Zimbabwe,Nagpur,21 Feb 2002,
A Kumble,13*,18,15,1,0,86.66,2,,Test v Zimbabwe,Nagpur,21 Feb 2002,
J Srinath,DNB,-,-,-,-,-,2,,Test v Zimbabwe,Nagpur,21 Feb 2002,
Harbhajan Singh,DNB,-,-,-,-,-,2,,Test v Zimbabwe,Nagpur,21 Feb 2002,
SS Das,13,37,29,2,0,44.82,2,,Test v Zimbabwe,Delhi,28 Feb 2002,
D Dasgupta,19,95,57,4,0,33.33,2,,Test v Zimbabwe,Delhi,28 Feb 2002,
SC Ganguly,136,456,284,21,1,47.88,2,,Test v Zimbabwe,Delhi,28 Feb 2002,
SR Tendulkar,36,124,119,5,0,30.25,2,,Test v Zimbabwe,Delhi,28 Feb 2002,
R Dravid,1,13,8,0,0,12.50,2,,Test v Zimbabwe,Delhi,28 Feb 2002,
V Sehwag,74,145,118,16,0,62.71,2,,Test v Zimbabwe,Delhi,28 Feb 2002,
SB Bangar,4,27,15,1,0,26.66,2,,Test v Zimbabwe,Delhi,28 Feb 2002,
A Kumble,34*,127,108,6,0,31.48,2,,Test v Zimbabwe,Delhi,28 Feb 2002,
J Srinath,0,21,15,0,0,0.00,2,,Test v Zimbabwe,Delhi,28 Feb 2002,
Harbhajan Singh,9,18,16,2,0,56.25,2,,Test v Zimbabwe,Delhi,28 Feb 2002,
Z Khan,8,16,11,1,0,72.72,2,,Test v Zimbabwe,Delhi,28 Feb 2002,
SS Das,31,171,126,2,0,24.60,4,,Test v Zimbabwe,Delhi,28 Feb 2002,
D Dasgupta,1,9,5,0,0,20.00,4,,Test v Zimbabwe,Delhi,28 Feb 2002,
SC Ganguly,20,53,32,4,0,62.50,4,,Test v Zimbabwe,Delhi,28 Feb 2002,
A Kumble,0,1,1,0,0,0.00,4,,Test v Zimbabwe,Delhi,28 Feb 2002,
SR Tendulkar,42,78,52,7,1,80.76,4,,Test v Zimbabwe,Delhi,28 Feb 2002,
R Dravid,6,35,22,1,0,27.27,4,,Test v Zimbabwe,Delhi,28 Feb 2002,
SB Bangar,3*,36,21,0,0,14.28,4,,Test v Zimbabwe,Delhi,28 Feb 2002,
Harbhajan Singh,14*,23,17,2,1,82.35,4,,Test v Zimbabwe,Delhi,28 Feb 2002,
J Srinath,DNB,-,-,-,-,-,4,,Test v Zimbabwe,Delhi,28 Feb 2002,
Z Khan,DNB,-,-,-,-,-,4,,Test v Zimbabwe,Delhi,28 Feb 2002,
V Sehwag,DNB,-,-,-,-,-,4,,Test v Zimbabwe,Delhi,28 Feb 2002,
D Mongia,25,40,24,4,0,104.16,1,,ODI v Zimbabwe,Faridabad,7 Mar 2002,
SC Ganguly,57,102,70,6,2,81.42,1,,ODI v Zimbabwe,Faridabad,7 Mar 2002,
VVS Laxman,75,127,99,5,0,75.75,1,,ODI v Zimbabwe,Faridabad,7 Mar 2002,
R Dravid,23,43,34,2,0,67.64,1,,ODI v Zimbabwe,Faridabad,7 Mar 2002,
M Kaif,39*,67,45,4,0,86.66,1,,ODI v Zimbabwe,Faridabad,7 Mar 2002,
SB Bangar,0,2,2,0,0,0.00,1,,ODI v Zimbabwe,Faridabad,7 Mar 2002,
A Ratra,6,13,9,0,0,66.66,1,,ODI v Zimbabwe,Faridabad,7 Mar 2002,
AB Agarkar,40*,26,19,6,1,210.52,1,,ODI v Zimbabwe,Faridabad,7 Mar 2002,
A Kumble,DNB,-,-,-,-,-,1,,ODI v Zimbabwe,Faridabad,7 Mar 2002,
Harbhajan Singh,DNB,-,-,-,-,-,1,,ODI v Zimbabwe,Faridabad,7 Mar 2002,
Z Khan,DNB,-,-,-,-,-,1,,ODI v Zimbabwe,Faridabad,7 Mar 2002,
D Mongia,45,83,52,9,0,86.53,1,,ODI v Zimbabwe,Mohali,10 Mar 2002,
SC Ganguly,86,144,83,8,3,103.61,1,,ODI v Zimbabwe,Mohali,10 Mar 2002,
VVS Laxman,52,100,72,3,0,72.22,1,,ODI v Zimbabwe,Mohali,10 Mar 2002,
R Dravid,66*,82,59,6,0,111.86,1,,ODI v Zimbabwe,Mohali,10 Mar 2002,
M Kaif,15,17,19,1,0,78.94,1,,ODI v Zimbabwe,Mohali,10 Mar 2002,
AB Agarkar,6,9,7,0,0,85.71,1,,ODI v Zimbabwe,Mohali,10 Mar 2002,
SB Bangar,0,1,1,0,0,0.00,1,,ODI v Zimbabwe,Mohali,10 Mar 2002,
Harbhajan Singh,15*,8,9,2,0,166.66,1,,ODI v Zimbabwe,Mohali,10 Mar 2002,
A Kumble,DNB,-,-,-,-,-,1,,ODI v Zimbabwe,Mohali,10 Mar 2002,
Z Khan,DNB,-,-,-,-,-,1,,ODI v Zimbabwe,Mohali,10 Mar 2002,
A Ratra,DNB,-,-,-,-,-,1,,ODI v Zimbabwe,Mohali,10 Mar 2002,
D Mongia,4,18,14,0,0,28.57,1,,ODI v Zimbabwe,Kochi,13 Mar 2002,
SC Ganguly,11,60,21,1,0,52.38,1,,ODI v Zimbabwe,Kochi,13 Mar 2002,
VVS Laxman,20,30,24,3,0,83.33,1,,ODI v Zimbabwe,Kochi,13 Mar 2002,
R Dravid,6,16,11,1,0,54.54,1,,ODI v Zimbabwe,Kochi,13 Mar 2002,
M Kaif,56,120,78,2,1,71.79,1,,ODI v Zimbabwe,Kochi,13 Mar 2002,
SB Bangar,36,87,67,3,0,53.73,1,,ODI v Zimbabwe,Kochi,13 Mar 2002,
A Ratra,3,12,12,0,0,25.00,1,,ODI v Zimbabwe,Kochi,13 Mar 2002,
AB Agarkar,3,8,7,0,0,42.85,1,,ODI v Zimbabwe,Kochi,13 Mar 2002,
Harbhajan Singh,24*,36,28,3,0,85.71,1,,ODI v Zimbabwe,Kochi,13 Mar 2002,
Sarandeep Singh,3,12,17,0,0,17.64,1,,ODI v Zimbabwe,Kochi,13 Mar 2002,
Z Khan,2,18,13,0,0,15.38,1,,ODI v Zimbabwe,Kochi,13 Mar 2002,
D Mongia,30,50,32,5,0,93.75,2,,ODI v Zimbabwe,Hyderabad (Deccan),16 Mar 2002,
SC Ganguly,7,25,16,1,0,43.75,2,,ODI v Zimbabwe,Hyderabad (Deccan),16 Mar 2002,
VVS Laxman,13,31,21,2,0,61.90,2,,ODI v Zimbabwe,Hyderabad (Deccan),16 Mar 2002,
R Dravid,32,81,56,0,0,57.14,2,,ODI v Zimbabwe,Hyderabad (Deccan),16 Mar 2002,
M Kaif,68,143,101,3,0,67.32,2,,ODI v Zimbabwe,Hyderabad (Deccan),16 Mar 2002,
Yuvraj Singh,80*,74,60,8,1,133.33,2,,ODI v Zimbabwe,Hyderabad (Deccan),16 Mar 2002,
AB Agarkar,5*,6,3,1,0,166.66,2,,ODI v Zimbabwe,Hyderabad (Deccan),16 Mar 2002,
M Kartik,DNB,-,-,-,-,-,2,,ODI v Zimbabwe,Hyderabad (Deccan),16 Mar 2002,
Harbhajan Singh,DNB,-,-,-,-,-,2,,ODI v Zimbabwe,Hyderabad (Deccan),16 Mar 2002,
Z Khan,DNB,-,-,-,-,-,2,,ODI v Zimbabwe,Hyderabad (Deccan),16 Mar 2002,
A Ratra,DNB,-,-,-,-,-,2,,ODI v Zimbabwe,Hyderabad (Deccan),16 Mar 2002,
D Mongia,159*,233,147,17,1,108.16,1,,ODI v Zimbabwe,Guwahati,19 Mar 2002,
SC Ganguly,28,50,31,4,0,90.32,1,,ODI v Zimbabwe,Guwahati,19 Mar 2002,
VVS Laxman,16,43,27,2,0,59.25,1,,ODI v Zimbabwe,Guwahati,19 Mar 2002,
R Dravid,26,34,33,1,0,78.78,1,,ODI v Zimbabwe,Guwahati,19 Mar 2002,
M Kaif,5,7,6,1,0,83.33,1,,ODI v Zimbabwe,Guwahati,19 Mar 2002,
Yuvraj Singh,75,81,52,6,3,144.23,1,,ODI v Zimbabwe,Guwahati,19 Mar 2002,
R Vijay Bharadwaj,0,3,1,0,0,0.00,1,,ODI v Zimbabwe,Guwahati,19 Mar 2002,
AB Agarkar,6*,3,3,1,0,200.00,1,,ODI v Zimbabwe,Guwahati,19 Mar 2002,
Harbhajan Singh,DNB,-,-,-,-,-,1,,ODI v Zimbabwe,Guwahati,19 Mar 2002,
Z Khan,DNB,-,-,-,-,-,1,,ODI v Zimbabwe,Guwahati,19 Mar 2002,
A Ratra,DNB,-,-,-,-,-,1,,ODI v Zimbabwe,Guwahati,19 Mar 2002,
SS Das,33,147,98,3,0,33.67,2,,Test v West Indies,Georgetown,11 Apr 2002,
D Dasgupta,0,8,5,0,0,0.00,2,,Test v West Indies,Georgetown,11 Apr 2002,
SC Ganguly,5,24,12,0,0,41.66,2,,Test v West Indies,Georgetown,11 Apr 2002,
SR Tendulkar,79,191,136,13,0,58.08,2,,Test v West Indies,Georgetown,11 Apr 2002,
R Dravid,144*,436,345,23,0,41.73,2,,Test v West Indies,Georgetown,11 Apr 2002,
VVS Laxman,69,126,113,11,0,61.06,2,,Test v West Indies,Georgetown,11 Apr 2002,
SB Bangar,0,10,8,0,0,0.00,2,,Test v West Indies,Georgetown,11 Apr 2002,
A Kumble,3,12,11,0,0,27.27,2,,Test v West Indies,Georgetown,11 Apr 2002,
Sarandeep Singh,39*,165,120,1,0,32.50,2,,Test v West Indies,Georgetown,11 Apr 2002,
J Srinath,DNB,-,-,-,-,-,2,,Test v West Indies,Georgetown,11 Apr 2002,
Z Khan,DNB,-,-,-,-,-,2,,Test v West Indies,Georgetown,11 Apr 2002,
SS Das,10,33,27,1,0,37.03,1,,Test v West Indies,Port of Spain,19 Apr 2002,
SB Bangar,9,75,43,1,0,20.93,1,,Test v West Indies,Port of Spain,19 Apr 2002,
R Dravid,67,224,147,11,0,45.57,1,,Test v West Indies,Port of Spain,19 Apr 2002,
SR Tendulkar,117,356,260,14,0,45.00,1,,Test v West Indies,Port of Spain,19 Apr 2002,
SC Ganguly,25,73,39,4,0,64.10,1,,Test v West Indies,Port of Spain,19 Apr 2002,
VVS Laxman,69*,193,123,11,0,56.09,1,,Test v West Indies,Port of Spain,19 Apr 2002,
A Ratra,0,11,7,0,0,0.00,1,,Test v West Indies,Port of Spain,19 Apr 2002,
Harbhajan Singh,0,18,6,0,0,0.00,1,,Test v West Indies,Port of Spain,19 Apr 2002,
Z Khan,5,27,20,1,0,25.00,1,,Test v West Indies,Port of Spain,19 Apr 2002,
J Srinath,18,33,23,3,0,78.26,1,,Test v West Indies,Port of Spain,19 Apr 2002,
A Nehra,0,3,3,0,0,0.00,1,,Test v West Indies,Port of Spain,19 Apr 2002,
SS Das,0,18,15,0,0,0.00,3,,Test v West Indies,Port of Spain,19 Apr 2002,
SB Bangar,16,103,62,2,0,25.80,3,,Test v West Indies,Port of Spain,19 Apr 2002,
R Dravid,36,91,62,6,0,58.06,3,,Test v West Indies,Port of Spain,19 Apr 2002,
SR Tendulkar,0,16,4,0,0,0.00,3,,Test v West Indies,Port of Spain,19 Apr 2002,
SC Ganguly,75*,290,227,6,0,33.03,3,,Test v West Indies,Port of Spain,19 Apr 2002,
VVS Laxman,74,228,157,9,0,47.13,3,,Test v West Indies,Port of Spain,19 Apr 2002,
A Ratra,2,24,15,0,0,13.33,3,,Test v West Indies,Port of Spain,19 Apr 2002,
Harbhajan Singh,0,2,1,0,0,0.00,3,,Test v West Indies,Port of Spain,19 Apr 2002,
J Srinath,2,6,4,0,0,50.00,3,,Test v West Indies,Port of Spain,19 Apr 2002,
Z Khan,4,13,7,0,0,57.14,3,,Test v West Indies,Port of Spain,19 Apr 2002,
A Nehra,0,4,1,0,0,0.00,3,,Test v West Indies,Port of Spain,19 Apr 2002,
SS Das,0,1,1,0,0,0.00,1,,Test v West Indies,Bridgetown,2 May 2002,
W Jaffer,12,31,18,3,0,66.66,1,,Test v West Indies,Bridgetown,2 May 2002,
R Dravid,17,79,47,2,0,36.17,1,,Test v West Indies,Bridgetown,2 May 2002,
SR Tendulkar,0,4,2,0,0,0.00,1,,Test v West Indies,Bridgetown,2 May 2002,
SC Ganguly,48,129,76,3,1,63.15,1,,Test v West Indies,Bridgetown,2 May 2002,
VVS Laxman,1,10,10,0,0,10.00,1,,Test v West Indies,Bridgetown,2 May 2002,
A Ratra,1,26,21,0,0,4.76,1,,Test v West Indies,Bridgetown,2 May 2002,
Harbhajan Singh,13,15,14,2,0,92.85,1,,Test v West Indies,Bridgetown,2 May 2002,
Z Khan,4,9,6,1,0,66.66,1,,Test v West Indies,Bridgetown,2 May 2002,
J Srinath,0,13,8,0,0,0.00,1,,Test v West Indies,Bridgetown,2 May 2002,
A Nehra,0*,6,3,0,0,0.00,1,,Test v West Indies,Bridgetown,2 May 2002,
SS Das,35,189,138,3,0,25.36,3,,Test v West Indies,Bridgetown,2 May 2002,
W Jaffer,51,119,75,10,0,68.00,3,,Test v West Indies,Bridgetown,2 May 2002,
R Dravid,14,94,61,0,0,22.95,3,,Test v West Indies,Bridgetown,2 May 2002,
SR Tendulkar,8,32,17,1,0,47.05,3,,Test v West Indies,Bridgetown,2 May 2002,
SC Ganguly,60*,252,146,7,0,41.09,3,,Test v West Indies,Bridgetown,2 May 2002,
VVS Laxman,43,104,88,7,0,48.86,3,,Test v West Indies,Bridgetown,2 May 2002,
A Ratra,13,44,33,2,0,39.39,3,,Test v West Indies,Bridgetown,2 May 2002,
Harbhajan Singh,3,14,10,0,0,30.00,3,,Test v West Indies,Bridgetown,2 May 2002,
Z Khan,46,70,45,4,2,102.22,3,,Test v West Indies,Bridgetown,2 May 2002,
J Srinath,0,1,1,0,0,0.00,3,,Test v West Indies,Bridgetown,2 May 2002,
A Nehra,3,10,8,0,0,37.50,3,,Test v West Indies,Bridgetown,2 May 2002,
SS Das,3,32,28,0,0,10.71,1,,Test v West Indies,St John's,10 May 2002,
W Jaffer,86,260,180,14,0,47.77,1,,Test v West Indies,St John's,10 May 2002,
R Dravid,91,378,291,12,0,31.27,1,,Test v West Indies,St John's,10 May 2002,
SR Tendulkar,0,2,1,0,0,0.00,1,,Test v West Indies,St John's,10 May 2002,
SC Ganguly,45,150,101,4,1,44.55,1,,Test v West Indies,St John's,10 May 2002,
VVS Laxman,130,369,244,14,0,53.27,1,,Test v West Indies,St John's,10 May 2002,
A Kumble,6,43,17,0,0,35.29,1,,Test v West Indies,St John's,10 May 2002,
A Ratra,115*,369,284,12,0,40.49,1,,Test v West Indies,St John's,10 May 2002,
Z Khan,4,17,7,0,0,57.14,1,,Test v West Indies,St John's,10 May 2002,
J Srinath,15,31,27,2,0,55.55,1,,Test v West Indies,St John's,10 May 2002,
A Nehra,1*,10,6,0,0,16.66,1,,Test v West Indies,St John's,10 May 2002,
SS Das,33,141,91,5,0,36.26,2,,Test v West Indies,Kingston,18 May 2002,
W Jaffer,0,20,15,0,0,0.00,2,,Test v West Indies,Kingston,18 May 2002,
R Dravid,5,12,11,0,0,45.45,2,,Test v West Indies,Kingston,18 May 2002,
SR Tendulkar,41,94,63,7,0,65.07,2,,Test v West Indies,Kingston,18 May 2002,
SC Ganguly,36,116,72,6,0,50.00,2,,Test v West Indies,Kingston,18 May 2002,
VVS Laxman,65*,206,152,7,0,42.76,2,,Test v West Indies,Kingston,18 May 2002,
A Ratra,3,21,14,0,0,21.42,2,,Test v West Indies,Kingston,18 May 2002,
Harbhajan Singh,4,12,6,0,0,66.66,2,,Test v West Indies,Kingston,18 May 2002,
Z Khan,6,22,12,0,0,50.00,2,,Test v West Indies,Kingston,18 May 2002,
J Srinath,2,7,7,0,0,28.57,2,,Test v West Indies,Kingston,18 May 2002,
A Nehra,0,44,18,0,0,0.00,2,,Test v West Indies,Kingston,18 May 2002,
SS Das,10,52,33,2,0,30.30,4,,Test v West Indies,Kingston,18 May 2002,
W Jaffer,7,39,36,0,0,19.44,4,,Test v West Indies,Kingston,18 May 2002,
R Dravid,30,79,58,6,0,51.72,4,,Test v West Indies,Kingston,18 May 2002,
SR Tendulkar,86,162,139,13,0,61.87,4,,Test v West Indies,Kingston,18 May 2002,
SC Ganguly,28,114,74,5,0,37.83,4,,Test v West Indies,Kingston,18 May 2002,
VVS Laxman,23,66,39,4,0,58.97,4,,Test v West Indies,Kingston,18 May 2002,
A Ratra,19,110,86,0,0,22.09,4,,Test v West Indies,Kingston,18 May 2002,
Harbhajan Singh,17,32,28,2,0,60.71,4,,Test v West Indies,Kingston,18 May 2002,
Z Khan,12,55,30,1,0,40.00,4,,Test v West Indies,Kingston,18 May 2002,
J Srinath,4,18,14,1,0,28.57,4,,Test v West Indies,Kingston,18 May 2002,
A Nehra,0*,5,3,0,0,0.00,4,,Test v West Indies,Kingston,18 May 2002,
SC Ganguly,41,108,65,5,0,63.07,2,,ODI v West Indies,Bridgetown,29 May 2002,
V Sehwag,21,44,36,3,0,58.33,2,,ODI v West Indies,Bridgetown,29 May 2002,
D Mongia,74,113,104,9,0,71.15,2,,ODI v West Indies,Bridgetown,29 May 2002,
SR Tendulkar,34*,64,45,2,0,75.55,2,,ODI v West Indies,Bridgetown,29 May 2002,
R Dravid,9*,14,16,2,0,56.25,2,,ODI v West Indies,Bridgetown,29 May 2002,
AB Agarkar,DNB,-,-,-,-,-,2,,ODI v West Indies,Bridgetown,29 May 2002,
Harbhajan Singh,DNB,-,-,-,-,-,2,,ODI v West Indies,Bridgetown,29 May 2002,
M Kaif,DNB,-,-,-,-,-,2,,ODI v West Indies,Bridgetown,29 May 2002,
Z Khan,DNB,-,-,-,-,-,2,,ODI v West Indies,Bridgetown,29 May 2002,
Yuvraj Singh,DNB,-,-,-,-,-,2,,ODI v West Indies,Bridgetown,29 May 2002,
T Yohannan,DNB,-,-,-,-,-,2,,ODI v West Indies,Bridgetown,29 May 2002,
SC Ganguly,39,61,44,5,1,88.63,1,,ODI v West Indies,Port of Spain,1 Jun 2002,
V Sehwag,0,2,1,0,0,0.00,1,,ODI v West Indies,Port of Spain,1 Jun 2002,
D Mongia,13,25,12,2,0,108.33,1,,ODI v West Indies,Port of Spain,1 Jun 2002,
VVS Laxman,2,13,5,0,0,40.00,1,,ODI v West Indies,Port of Spain,1 Jun 2002,
Yuvraj Singh,1,6,6,0,0,16.66,1,,ODI v West Indies,Port of Spain,1 Jun 2002,
R Dravid,28,50,36,2,1,77.77,1,,ODI v West Indies,Port of Spain,1 Jun 2002,
M Kaif,12,14,17,1,0,70.58,1,,ODI v West Indies,Port of Spain,1 Jun 2002,
AB Agarkar,0,3,2,0,0,0.00,1,,ODI v West Indies,Port of Spain,1 Jun 2002,
